learner_token,grade_band,total_activities_started,total_activities_completed,total_certifications_earned,active_days,active_months,first_active_date,last_active_date,session_band,peak_pue_score,peak_role_readiness_signal,highest_ai_prof_level,total_certs_passed,ever_produced_artifact,peak_artifact_quality,peak_peer_diffusion_signal,is_persistent_learner,site
030ebc8d09b0c73e8903defdd164d138,1-4,4,0,0,2,1,2025-09-02,2025-09-04,Early (<25),70.00,null,Not Attempted,0,null,null,null,false,Oloibiri
0484fd315a0b818aa76d04a3a57c0f3c,1-4,5,3,0,1,1,2026-04-20,2026-04-20,Early (<25),null,null,null,0,null,null,null,false,Oloibiri
06895d8f3c621280e7c8b702d33fa3e4,1-4,21,0,0,4,2,2025-08-14,2025-10-23,Early (<25),45.00,null,null,0,null,null,null,false,Oloibiri
09e3e7ee28c81a1ca69b3af23ef376de,1-4,1,0,0,1,1,2026-04-12,2026-04-12,Early (<25),null,null,null,0,null,null,null,false,Oloibiri
0f0c6d11376dc48302a4ad6e5a5bb19b,1-4,46,28,0,9,2,2026-03-30,2026-04-30,Developing (25-49),22.00,null,Not Attempted,0,null,null,null,false,Oloibiri
1266e1b5011817a13df6ada543b21224,null,33,0,0,18,6,2025-07-08,2026-04-29,Developing (25-49),35.00,null,null,0,null,null,null,true,Oloibiri
155230e12029a978719c5780425da048,null,4,0,0,4,2,2026-02-19,2026-03-06,Early (<25),78.00,null,Not Attempted,0,null,null,null,false,Oloibiri
1cd0e069c3d83686ff9a915bc0fd333f,1-4,1,0,0,1,1,2026-04-04,2026-04-04,Early (<25),2.00,null,Not Attempted,0,null,null,null,false,Oloibiri
1e1c637492cfab8f3a1e88aa4d8bb0dc,1-4,9,0,0,6,3,2025-11-21,2026-02-12,Early (<25),55.00,null,null,0,null,null,null,true,Oloibiri
1e6798ed293e4fa971fb5d6fbf857345,1-4,32,1,0,19,4,2026-01-14,2026-04-23,Developing (25-49),50.00,null,Not Attempted,0,null,null,null,true,Oloibiri
24be5e85e478d67b63d989b91129ffb7,1-4,1,0,0,1,1,2026-04-09,2026-04-09,Early (<25),0.00,null,Not Attempted,0,null,null,null,false,Oloibiri
28b86d6c6d03b2e455ac497bf4ab1952,1-4,190,110,0,56,10,2025-07-19,2026-04-29,Core (100+),68.00,null,Not Attempted,0,null,null,null,true,Oloibiri
2c204e6b272b8328c136c040b9eb361b,1-4,6,0,0,6,4,2025-07-09,2025-10-16,Early (<25),35.00,null,null,0,null,null,null,true,Oloibiri
3b88372fae0bc52f740a64b88799c0da,1-4,11,0,0,7,1,2026-04-03,2026-04-29,Early (<25),2.00,null,Not Attempted,0,null,null,null,false,Oloibiri
3d3fd993c2145da36f8483cc95d4a459,1-4,5,0,0,3,1,2026-03-26,2026-03-29,Early (<25),35.00,null,Not Attempted,0,null,null,null,false,Oloibiri
3de4667edff3d0337b9ed3d5bdef9f17,1-4,15,0,0,8,4,2025-07-16,2025-10-13,Early (<25),0.00,null,Not Attempted,0,null,null,null,true,Oloibiri
3ee47815b2eef9d98b9c40cb6c86918c,1-4,8,2,0,6,2,2025-08-15,2025-09-01,Early (<25),20.00,null,Not Attempted,0,null,null,null,false,Oloibiri
448684f995c1bb63afe64e1b002050f5,1-4,26,0,0,12,3,2025-10-13,2025-12-12,Developing (25-49),70.00,null,Not Attempted,0,null,null,null,true,Oloibiri
4936ff0bc40a36084cccfcb9c9623d48,1-4,18,0,0,9,2,2026-03-30,2026-04-29,Early (<25),42.00,null,Not Attempted,0,null,null,null,false,Oloibiri
4e7b171163043be6faae32b79c849d43,1-4,1,0,0,1,1,2026-03-25,2026-03-25,Early (<25),0.00,null,Not Attempted,0,null,null,null,false,Oloibiri
507a9acddad1fda6f825fad8b2168ece,1-4,20,0,0,8,3,2025-11-13,2026-02-27,Early (<25),40.00,null,null,0,null,null,null,true,Oloibiri
554ed8b8e98f07a5a3272c782afa6497,1-4,37,4,0,9,2,2026-03-22,2026-04-30,Developing (25-49),28.00,null,Not Attempted,0,null,null,null,false,Oloibiri
57caa2776c43bfa2435ef250deb523cd,1-4,14,0,0,10,7,2025-08-20,2026-04-15,Early (<25),40.00,null,Not Attempted,0,null,null,null,true,Oloibiri
687e7f2c03ca39d3b06703b655d00e1b,1-4,1,0,0,1,1,2026-03-26,2026-03-26,Early (<25),null,null,null,0,null,null,null,false,Oloibiri
69b6be0fbe5714082376df7fd08f3668,1-4,1,0,0,1,1,2026-03-26,2026-03-26,Early (<25),null,null,null,0,null,null,null,false,Oloibiri
6ba41981995a273b9979b8150feb293b,1-4,3,0,0,3,1,2026-04-08,2026-04-12,Early (<25),28.00,null,Not Attempted,0,null,null,null,false,Oloibiri
6c885fa1d643f771092034bb335f032c,1-4,1,0,0,1,1,2026-02-06,2026-02-06,Early (<25),50.00,null,null,0,null,null,null,false,Oloibiri
6cdc397294ee81ccf7f2ed4864ccddf1,1-4,218,142,0,23,2,2026-03-27,2026-04-22,Core (100+),58.00,null,Not Attempted,0,null,null,null,false,Oloibiri
6fd86f9e01e3451f92e9cba604e82118,1-4,20,19,0,1,1,2026-04-21,2026-04-21,Early (<25),null,null,null,0,null,null,null,false,Oloibiri
7084fa3741017512ad2d82a29ea549a5,1-4,86,3,0,17,4,2025-11-10,2026-04-29,Established (50-99),60.00,null,Not Attempted,0,null,null,null,true,Oloibiri
717034df07fd5d8ae1e0cb09d469c1ba,1-4,20,0,0,10,2,2026-03-25,2026-04-30,Early (<25),4.00,null,Not Attempted,0,null,null,null,false,Oloibiri
747b531794025284948c00e3f12ba13e,1-4,13,0,0,7,1,2026-04-01,2026-04-17,Early (<25),0.00,null,Not Attempted,0,null,null,null,false,Oloibiri
7938598b376ce8d0360bb1485fda976d,1-4,12,0,0,4,2,2025-10-27,2025-11-01,Early (<25),45.00,null,null,0,null,null,null,false,Oloibiri
7bb5ab4b9d1c0f0b3f06994e80e23701,1-4,12,1,0,5,3,2025-12-13,2026-04-08,Early (<25),70.00,null,null,0,null,null,null,true,Oloibiri
828eb72f93c63a89c644dd2b2349927d,1-4,9,1,0,8,3,2025-08-19,2025-11-24,Early (<25),30.00,null,Not Attempted,0,null,null,null,true,Oloibiri
850d3892495760edcf517fd71340b610,1-4,200,9,0,59,8,2025-08-21,2026-04-21,Core (100+),50.00,null,Not Attempted,0,null,null,null,true,Oloibiri
87a29dbce95dd27359c44492cf02e78d,1-4,2,0,0,1,1,2026-04-11,2026-04-11,Early (<25),null,null,null,0,null,null,null,false,Oloibiri
8ab4e184c8824f944a57f81232b01146,1-4,2,0,0,2,1,2026-04-16,2026-04-23,Early (<25),5.00,null,Not Attempted,0,null,null,null,false,Oloibiri
8b8d7b9ae884e134dab6fff4cc12064c,1-4,23,1,0,11,6,2025-08-13,2026-01-09,Early (<25),80.00,null,null,0,null,null,null,true,Oloibiri
8d98fb32eb76c02d072b69a225a7eff0,1-4,2,0,0,1,1,2026-03-25,2026-03-25,Early (<25),null,null,null,0,null,null,null,false,Oloibiri
9530dd6abef8b2c6856fab1cf69063d5,1-4,30,18,0,7,1,2026-04-03,2026-04-28,Developing (25-49),8.00,null,Not Attempted,0,null,null,null,false,Oloibiri
9c22048ec350106789d13a12e93ff33d,1-4,0,0,0,0,0,null,null,null,55.00,null,Not Attempted,0,null,null,null,false,Oloibiri
9f3dbd801b28894b9db4817947bb5162,1-4,4,0,0,1,1,2026-04-14,2026-04-14,Early (<25),2.00,null,Not Attempted,0,null,null,null,false,Oloibiri
a06615cda21ac01717862d2483002d2b,1-4,52,24,0,12,2,2026-03-30,2026-04-30,Established (50-99),8.00,null,Not Attempted,0,null,null,null,false,Oloibiri
a7bc38575b4bd66ffd95b97f6bad2f9f,1-4,31,0,0,16,4,2025-08-15,2026-04-30,Developing (25-49),45.00,null,Not Attempted,0,null,null,null,true,Oloibiri
a88f175671a60c827cf91b02170d1a03,1-4,1,0,0,1,1,2026-03-25,2026-03-25,Early (<25),0.00,null,Not Attempted,0,null,null,null,false,Oloibiri
ab43456b929f724a4a0ed21dac932b22,1-4,8,0,0,2,1,2026-04-27,2026-04-28,Early (<25),null,null,null,0,null,null,null,false,Oloibiri
b0c3a3bc4441889c2e6010b3c0e3165e,1-4,2,0,0,2,1,2025-07-09,2025-07-21,Early (<25),null,null,null,0,null,null,null,false,Oloibiri
ba64a97ca4565f87e3d7a045338a0e62,1-4,1,0,0,1,1,2025-08-30,2025-08-30,Early (<25),null,null,null,0,null,null,null,false,Oloibiri
c15561fefee569cb77945d9ea2559958,1-4,3,0,0,2,2,2026-03-27,2026-04-05,Early (<25),8.00,null,Not Attempted,0,null,null,null,false,Oloibiri
cb54489ec2441cc1d9457fd4f214d608,1-4,1,0,0,1,1,2025-08-30,2025-08-30,Early (<25),null,null,null,0,null,null,null,false,Oloibiri
cb76c6e4e36e72bc7e3cc54d746634d1,1-4,66,5,1,24,5,2025-08-06,2026-04-15,Established (50-99),70.00,null,null,1,null,null,null,true,Oloibiri
d6dd03444d9f56d4a5a84c4f7ee45b18,1-4,2,0,0,1,1,2026-04-17,2026-04-17,Early (<25),null,null,null,0,null,null,null,false,Oloibiri
d8b0cce375af6c8287a81fedd2ffd00c,1-4,10,0,0,8,2,2026-03-25,2026-04-30,Early (<25),18.00,null,Not Attempted,0,null,null,null,false,Oloibiri
d8bfb0e3d33f09c50c2d73821e75a3ed,1-4,1,0,0,1,1,2026-03-27,2026-03-27,Early (<25),null,null,null,0,null,null,null,false,Oloibiri
d8cb96ed12fec1a78588d9283fb896e8,1-4,34,4,0,18,5,2025-07-16,2026-04-08,Developing (25-49),50.00,null,Not Attempted,0,null,null,null,true,Oloibiri
daff8a343f130caadecfd0293c272fa8,1-4,58,0,0,10,2,2025-11-24,2025-12-17,Established (50-99),68.00,null,null,0,null,null,null,false,Oloibiri
e2823354beb62ff039ff8e6929fd9d5a,1-4,1,0,0,1,1,2025-07-16,2025-07-16,Early (<25),null,null,null,0,null,null,null,false,Oloibiri
e6269e712c343b63c15bf9516d340ea0,1-4,41,19,0,11,2,2025-08-19,2026-04-29,Developing (25-49),68.00,null,Not Attempted,0,null,null,null,false,Oloibiri
f1edaa82541cb46731663b6dc0138359,1-4,2,0,0,1,1,2026-04-29,2026-04-29,Early (<25),null,null,null,0,null,null,null,false,Oloibiri
f2fa25c2ce6a47e626ac5778293b2a73,1-4,20,0,0,9,2,2026-03-30,2026-04-29,Early (<25),2.00,null,Not Attempted,0,null,null,null,false,Oloibiri
fee639f001611a8d4699e246a49aec71,1-4,1,0,0,1,1,2026-04-14,2026-04-14,Early (<25),null,null,null,0,null,null,null,false,Oloibiri
